name,address,phone,website,operator,operator_type,board,levels,gender,religion,language,lat,lon,osm_url,Name,Address,Fee Structure,Basic Infomation,Contact Details,FAQ,Admission Details,Other Key Infomation,School Infrastructure Details,Co-Curricular Activities,Travel Infomation,Review,Summary
A. G. Church School,Park Street,,,,,,,,,,22.5477227,88.3604692,https://www.openstreetmap.org/way/166896283,A. G. Church School,Park Street,,,,,,https://www.openstreetmap.org/way/166896283,,,"22.5477227, 88.3604692",,
Adarsha Balika Shikshayatan,"Kolkata, 700075",+913324182975,,,,,,,none,,22.500405,88.3750971,https://www.openstreetmap.org/node/7265218444,Adarsha Balika Shikshayatan,"Kolkata, 700075",,religion=none,phone: +913324182975,,,https://www.openstreetmap.org/node/7265218444,,,"22.500405, 88.3750971",,
Alipore Multipurpose Government Girls School,,,,,,,,,,,22.5227052,88.3342674,https://www.openstreetmap.org/way/190905693,Alipore Multipurpose Government Girls School,,,,,,,https://www.openstreetmap.org/way/190905693,,,"22.5227052, 88.3342674",,
Army Public School,,,,,,,,,,,22.5322436,88.3609661,https://www.openstreetmap.org/way/122039679,Army Public School,,,,,,,https://www.openstreetmap.org/way/122039679,,,"22.5322436, 88.3609661",,
Bagmari Manicktala Higher Secondary School,,,,,,,,,,,22.5814658,88.392787,https://www.openstreetmap.org/way/191079451,Bagmari Manicktala Higher Secondary School,,,,,,,https://www.openstreetmap.org/way/191079451,,,"22.5814658, 88.392787",,
Ballygunge Government High School,,,,,,,,,,,22.5298819,88.3544322,https://www.openstreetmap.org/way/122151081,Ballygunge Government High School,,,,,,,https://www.openstreetmap.org/way/122151081,,,"22.5298819, 88.3544322",,
Ballygunge Siksha Sadan,Ashutosh Chowdhury Road,,,,government,,1-7,,,,22.5239951,88.3648732,https://www.openstreetmap.org/way/172432468,Ballygunge Siksha Sadan,Ashutosh Chowdhury Road,,operator_type=government; levels=1-7,,,,https://www.openstreetmap.org/way/172432468,,,"22.5239951, 88.3648732",,
Ballygunge Vidyalaya & Silpa Sikshayatana,"Ballygunge Place, 700019",,,,,,,,,,22.5276908,88.3696565,https://www.openstreetmap.org/node/12346102001,Ballygunge Vidyalaya & Silpa Sikshayatana,"Ballygunge Place, 700019",,,,,,https://www.openstreetmap.org/node/12346102001,,,"22.5276908, 88.3696565",,
BD Memorial Primary School,,,,,private,,,,,,22.4674766,88.3778406,https://www.openstreetmap.org/node/11300237037,BD Memorial Primary School,,,operator_type=private,,,,https://www.openstreetmap.org/node/11300237037,,,"22.4674766, 88.3778406",,
Behala Blind School,,,,,,,,,,,22.4907019,88.3157229,https://www.openstreetmap.org/way/226503612,Behala Blind School,,,,,,,https://www.openstreetmap.org/way/226503612,,,"22.4907019, 88.3157229",,
Behla Blind School,Diamond Harbour road,,,,,,,,,,22.4911829,88.3158083,https://www.openstreetmap.org/node/1894648468,Behla Blind School,Diamond Harbour road,,,,,,https://www.openstreetmap.org/node/1894648468,,,"22.4911829, 88.3158083",,
Belaghata deshbondhu school for girls,,,,,,,,,,,22.5656519,88.3907162,https://www.openstreetmap.org/node/9833955617,Belaghata deshbondhu school for girls,,,,,,,https://www.openstreetmap.org/node/9833955617,,,"22.5656519, 88.3907162",,
Beleghata Deshabandhu High School (Main),"69c Avinash Chandra Banerjee Ln, 700010",,,,,,,,,,22.5654556,88.390612,https://www.openstreetmap.org/node/9829888917,Beleghata Deshabandhu High School (Main),"69c Avinash Chandra Banerjee Ln, 700010",,,,,,https://www.openstreetmap.org/node/9829888917,,,"22.5654556, 88.390612",,
Beleghata Deshabandhu High School brance,,,,,,,,,,,22.5652197,88.3905788,https://www.openstreetmap.org/node/9833955517,Beleghata Deshabandhu High School brance,,,,,,,https://www.openstreetmap.org/node/9833955517,,,"22.5652197, 88.3905788",,
Belgachia Muslim High School,"Belgachia Road, 700037",,,,,,,,,,22.6023121,88.3845292,https://www.openstreetmap.org/node/10964841306,Belgachia Muslim High School,"Belgachia Road, 700037",,,,,,https://www.openstreetmap.org/node/10964841306,,,"22.6023121, 88.3845292",,
Belgachia Urdu High School ( Co-Ed ),"Belggachia Road, 700037",,,,,,,,,,22.6032143,88.3839619,https://www.openstreetmap.org/node/10967279405,Belgachia Urdu High School ( Co-Ed ),"Belggachia Road, 700037",,,,,,https://www.openstreetmap.org/node/10967279405,,,"22.6032143, 88.3839619",,
Belize Adventist College,Calcutta,,,Seventh Day Adventist Church (SDA),religious,,,,christian,,18.3641304,-88.4387519,https://www.openstreetmap.org/way/1000875899,Belize Adventist College,Calcutta,,operator=Seventh Day Adventist Church (SDA); operator_type=religious; religion=christian,,,,https://www.openstreetmap.org/way/1000875899,,,"18.3641304, -88.4387519",,
Bhutnath Mahamaya School,"9 Radhanath Chowdhury Road, Kolkata, 700015",+913323291006,,,,,,,,,22.5604422,88.3793698,https://www.openstreetmap.org/way/260127832,Bhutnath Mahamaya School,"9 Radhanath Chowdhury Road, Kolkata, 700015",,,phone: +913323291006,,,https://www.openstreetmap.org/way/260127832,,,"22.5604422, 88.3793698",,
Birla High School,700017,,https://birlahighschool.com/,,,,,,,,22.5432387,88.3545612,https://www.openstreetmap.org/way/197120147,Birla High School,700017,Home Page | Birla High School Mandatory disclosure Fees Notice | HC Order Campus Care APP Our School About Us Our History Vision & mission Managing Committee Chairperson's Message Infrastructure Our Faculty Counsellor and Special Educator Awards & Achievements Media Coverage School House System Student & School Council Our Committee Admissions Playgroup Class Nursery Class LKG-UKG Class I Class II Class III-V Class VI - X Class XI Class XII Academics Scholastic Co-Scholastic Annual Academic Calen,,website: https://birlahighschool.com/,,ee Chairperson's Message Infrastructure Our Faculty Counsellor and Special Educator Awards & Achievements Media Coverage School House System Student & School Council Our Committee Admissions Playgroup Class Nursery Class LKG-UKG Class I Class II Class III-V Class VI - X Class XI Class XII Academics Scholastic Co-Scholastic Annual Academic Calender Activities Intra School Activities Inter School Activities Event & Celebrations Student Achievement Teacher Training Gallery View Outreach Program News Room Blog Notices Examination Schedule List of School Holidays Board Result Transfer Certificate Newsletter & E-magazine Alumni,https://www.openstreetmap.org/way/197120147,Home Page | Birla High School Mandatory disclosure Fees Notice | HC Order Campus Care APP Our School About Us Our History Vision & mission Managing Committee Chairperson's Message Infrastructure Our Faculty Counsellor and Special Educator Awards & Achievements Media Coverage School House System Student & School Council Our Committee Admissions Playgroup Class Nursery Class LKG-UKG Class I Class II Class III-V Class VI - X Class XI Class XII Academics Scholastic Co-Scholastic Annual Academic Calender Activities Intra Sc,Committee Admissions Playgroup Class Nursery Class LKG-UKG Class I Class II Class III-V Class VI - X Class XI Class XII Academics Scholastic Co-Scholastic Annual Academic Calender Activities Intra School Activities Inter School Activities Event & Celebrations Student Achievement Teacher Training Gallery View Outreach Program News Room Blog Notices Examination Schedule List of School Holidays Board Result Transfer Certificate Newsletter & E-magazine Alumni Alumni Activities Alumni Meet Membership Application Form Job Opportunities Contact Us Unlocking the doors to knowledge Notices BHS/NOTICE/045/25-26 BHS/NOTICE/044/25-26,"22.5432387, 88.3545612",,has admission details | has fee structure | has school infrastructure details | has co-curricular activities
Blue Bell Day School,"Belgachia Road, 700037",,,,,,,,,,22.6049719,88.3864773,https://www.openstreetmap.org/node/10977085505,Blue Bell Day School,"Belgachia Road, 700037",,,,,,https://www.openstreetmap.org/node/10977085505,,,"22.6049719, 88.3864773",,
Brahmo Balika Shikshalaya,,,,,,,,,,,22.5799109,88.3740861,https://www.openstreetmap.org/node/3413973942,Brahmo Balika Shikshalaya,,,,,,,https://www.openstreetmap.org/node/3413973942,,,"22.5799109, 88.3740861",,
Calcutta Boys School,,,,,,,,,,,22.5599024,88.3658707,https://www.openstreetmap.org/way/106086759,Calcutta Boys School,,,,,,,https://www.openstreetmap.org/way/106086759,,,"22.5599024, 88.3658707",,
Calcutta Boys' School,,,,,,,,,,,22.5652983,88.3863128,https://www.openstreetmap.org/way/1343942284,Calcutta Boys' School,,,,,,,https://www.openstreetmap.org/way/1343942284,,,"22.5652983, 88.3863128",,
Calcutta Government Primary School,Calcutta,,,Government of Belize (GOB),government,,,,,,18.3631528,-88.432104,https://www.openstreetmap.org/way/1001247635,Calcutta Government Primary School,Calcutta,,operator=Government of Belize (GOB); operator_type=government,,,,https://www.openstreetmap.org/way/1001247635,,,"18.3631528, -88.432104",,
Calcutta S. D. A. Primary School,,,,Belize Adventist Union,,,,,,,18.3625574,-88.4384078,https://www.openstreetmap.org/way/376714446,Calcutta S. D. A. Primary School,,,operator=Belize Adventist Union,,,,https://www.openstreetmap.org/way/376714446,,,"18.3625574, -88.4384078",,
Calcutta School of Music,"6B, 700019",,,,private,,,,,,22.5318256,88.3635804,https://www.openstreetmap.org/way/172431347,Calcutta School of Music,"6B, 700019",,operator_type=private,,,,https://www.openstreetmap.org/way/172431347,,,"22.5318256, 88.3635804",,
Calcutta SDA Primary School,Calcutta,,,Seventh Day Adventist Church (SDA),religious,,,,christian,,18.363007,-88.4385652,https://www.openstreetmap.org/way/1001247713,Calcutta SDA Primary School,Calcutta,,operator=Seventh Day Adventist Church (SDA); operator_type=religious; religion=christian,,,,https://www.openstreetmap.org/way/1001247713,,,"18.363007, -88.4385652",,
Cathedral Mission High School,,,,,,,,,,,22.5370143,88.3530955,https://www.openstreetmap.org/way/122191985,Cathedral Mission High School,,,,,,,https://www.openstreetmap.org/way/122191985,,,"22.5370143, 88.3530955",,
Chetla Girls' School,,,,,,,,,,,22.5164144,88.3365771,https://www.openstreetmap.org/way/191003726,Chetla Girls' School,,,,,,,https://www.openstreetmap.org/way/191003726,,,"22.5164144, 88.3365771",,
Delhi Public School - DPS,,,,,,,,,,,22.5128913,88.381663,https://www.openstreetmap.org/way/325363388,Delhi Public School - DPS,,,,,,,https://www.openstreetmap.org/way/325363388,,,"22.5128913, 88.381663",,
Deshabandhu Vidyapith,"106 Narkel Danga North Road, 700011",09804277695,,,,,,,,,22.5790125,88.3825458,https://www.openstreetmap.org/node/9691487817,Deshabandhu Vidyapith,"106 Narkel Danga North Road, 700011",,,phone: 09804277695,,,https://www.openstreetmap.org/node/9691487817,,,"22.5790125, 88.3825458",,
Don Bosco,,,,,,,,,,,22.5440197,88.371846,https://www.openstreetmap.org/way/113279122,Don Bosco,,,,,,,https://www.openstreetmap.org/way/113279122,,,"22.5440197, 88.371846",,
DPS,,,,,,,,,,,22.5162377,88.3959962,https://www.openstreetmap.org/way/358178593,DPS,,,,,,,https://www.openstreetmap.org/way/358178593,,,"22.5162377, 88.3959962",,
Gandhi Colony High School,,,,,,,,,,,22.4850526,88.3583629,https://www.openstreetmap.org/way/120459498,Gandhi Colony High School,,,,,,,https://www.openstreetmap.org/way/120459498,,,"22.4850526, 88.3583629",,
Garden High School,,,,,,,,,,,22.5196119,88.3921355,https://www.openstreetmap.org/way/117865348,Garden High School,,,,,,,https://www.openstreetmap.org/way/117865348,,,"22.5196119, 88.3921355",,
Hare School,,,,,,,,,,,22.5760194,88.3630215,https://www.openstreetmap.org/way/404863237,Hare School,,,,,,,https://www.openstreetmap.org/way/404863237,,,"22.5760194, 88.3630215",,
Harrow Hall,"27-B Park Street, 700016","+913332420436, +913364510008, +913322522404",http://harrowhallkolkata.net,,,,,,,,22.553928,88.352712,https://www.openstreetmap.org/way/754822036,Harrow Hall,"27-B Park Street, 700016",,,"phone: +913332420436, +913364510008, +913322522404 | website: http://harrowhallkolkata.net",,,https://www.openstreetmap.org/way/754822036,,,"22.553928, 88.352712",,
Holy Child Sch,,,,,,,,,,,22.5537866,88.3732777,https://www.openstreetmap.org/way/113119622,Holy Child Sch,,,,,,,https://www.openstreetmap.org/way/113119622,,,"22.5537866, 88.3732777",,
Holy child school,2 Duff Street,,,,,,,,,,22.5882004,88.3707472,https://www.openstreetmap.org/node/2383558698,Holy child school,2 Duff Street,,,,,,https://www.openstreetmap.org/node/2383558698,,,"22.5882004, 88.3707472",,
Iqra Assembly School,"Belgachia Road, 700037",,,,,,,,,,22.6051625,88.384768,https://www.openstreetmap.org/node/10968138706,Iqra Assembly School,"Belgachia Road, 700037",,,,,,https://www.openstreetmap.org/node/10968138706,,,"22.6051625, 88.384768",,
ITI,,,,,,,,,,,22.4852308,88.3460047,https://www.openstreetmap.org/node/5162659223,ITI,,,,,,,https://www.openstreetmap.org/node/5162659223,,,"22.4852308, 88.3460047",,
ITI (TOLLYGUNGE),,,,,,,,,,,22.4852557,88.3432922,https://www.openstreetmap.org/node/5162632122,ITI (TOLLYGUNGE),,,,,,,https://www.openstreetmap.org/node/5162632122,,,"22.4852557, 88.3432922",,
Jadavpur Girls High School,,,,,,,,,,,22.4976422,88.3647615,https://www.openstreetmap.org/way/120182169,Jadavpur Girls High School,,,,,,,https://www.openstreetmap.org/way/120182169,,,"22.4976422, 88.3647615",,
Jadavpur N.K. Pal Adarsha Sikshayatan,"43/5H Jheel Road, Kolkata, 700031",+913324723339,,,,,,,,,22.5008535,88.3739599,https://www.openstreetmap.org/node/7265194481,Jadavpur N.K. Pal Adarsha Sikshayatan,"43/5H Jheel Road, Kolkata, 700031",,,phone: +913324723339,,,https://www.openstreetmap.org/node/7265194481,,,"22.5008535, 88.3739599",,
Jadavpur Vidyapith,"188 Raja Subodh Chandra Mullick Road, Kolkata, 700032",+913324146746,http://jadavpurvidyapithhs.org/,,,,,,,,22.4993295,88.3699876,https://www.openstreetmap.org/node/7265545939,Jadavpur Vidyapith,"188 Raja Subodh Chandra Mullick Road, Kolkata, 700032",,,phone: +913324146746 | website: http://jadavpurvidyapithhs.org/,,,https://www.openstreetmap.org/node/7265545939,,,"22.4993295, 88.3699876",,
Jagadbandhu Institution,"25 Fern Road, Kolkata, 700019",,,,,,,,,,22.5200757,88.3684356,https://www.openstreetmap.org/way/118176394,Jagadbandhu Institution,"25 Fern Road, Kolkata, 700019",,,,,,https://www.openstreetmap.org/way/118176394,,,"22.5200757, 88.3684356",,
Jagriti Vidyapeeth High School,"80/A Bondel Road, 700019",,,,,,,,,,22.5284937,88.3680212,https://www.openstreetmap.org/node/12346105101,Jagriti Vidyapeeth High School,"80/A Bondel Road, 700019",,,,,,https://www.openstreetmap.org/node/12346105101,,,"22.5284937, 88.3680212",,
Jewish Girls' School,"63 Park Street, 700016",,,Emunah Calcutta Jewish Trust,,,,,,,22.5528356,88.3545701,https://www.openstreetmap.org/node/6135362109,Jewish Girls' School,"63 Park Street, 700016",,operator=Emunah Calcutta Jewish Trust,,,,https://www.openstreetmap.org/node/6135362109,,,"22.5528356, 88.3545701",,
Jodhpur Park Boys School,,,,,,,,,,,22.5049143,88.3649173,https://www.openstreetmap.org/way/118618360,Jodhpur Park Boys School,,,,,,,https://www.openstreetmap.org/way/118618360,,,"22.5049143, 88.3649173",,
Kazi Nazrul Islam School,,,,,,,,,none,,22.54524,88.3817148,https://www.openstreetmap.org/way/820426309,Kazi Nazrul Islam School,,,religion=none,,,,https://www.openstreetmap.org/way/820426309,,,"22.54524, 88.3817148",,
Kendriya Vidyalaya,,,,,government_non_profit,,,,,,22.5308931,88.3583122,https://www.openstreetmap.org/way/122039677,Kendriya Vidyalaya,,,operator_type=government_non_profit,,,,https://www.openstreetmap.org/way/122039677,,,"22.5308931, 88.3583122",,
Kendriya Vidyalaya,,,,,government_non_profit,,1-12,,,,22.5294719,88.3270993,https://www.openstreetmap.org/way/188763407,Kendriya Vidyalaya,,,operator_type=government_non_profit; levels=1-12,,,,https://www.openstreetmap.org/way/188763407,,,"22.5294719, 88.3270993",,
Kendua Mahendragarh High School,,,,,government,,,,hindu,,22.476745,88.3810173,https://www.openstreetmap.org/node/11300039718,Kendua Mahendragarh High School,,,operator_type=government; religion=hindu,,,,https://www.openstreetmap.org/node/11300039718,,,"22.476745, 88.3810173",,
La Martinere for Girls,,,,,,,,,,,22.541722,88.3582962,https://www.openstreetmap.org/way/187718109,La Martinere for Girls,,,,,,,https://www.openstreetmap.org/way/187718109,,,"22.541722, 88.3582962",,
Lakshmipat Singhania Academy,12-B Alipore Road,,,,,,,,,,22.5256988,88.3305314,https://www.openstreetmap.org/way/175879411,Lakshmipat Singhania Academy,12-B Alipore Road,,,,,,https://www.openstreetmap.org/way/175879411,,,"22.5256988, 88.3305314",,
Loreto Convent,,,,,,,,,,,22.5595068,88.3728451,https://www.openstreetmap.org/node/1283776632,Loreto Convent,,,,,,,https://www.openstreetmap.org/node/1283776632,,,"22.5595068, 88.3728451",,
Loreto Convent School,,,,,,,,,,,22.5599768,88.3774648,https://www.openstreetmap.org/way/112869509,Loreto Convent School,,,,,,,https://www.openstreetmap.org/way/112869509,,,"22.5599768, 88.3774648",,
"Loreto Girls School, Sealdah",,,,,,,,,,,22.5645214,88.3681468,https://www.openstreetmap.org/node/2266850256,"Loreto Girls School, Sealdah",,,,,,,https://www.openstreetmap.org/node/2266850256,,,"22.5645214, 88.3681468",,
Loreto School,,,,,,,,,,,22.5496347,88.3526693,https://www.openstreetmap.org/node/6541624088,Loreto School,,,,,,,https://www.openstreetmap.org/node/6541624088,,,"22.5496347, 88.3526693",,
Loyola High School,54/3 Diamond Harbour Road,,,,,,,,,,22.530267,88.3263553,https://www.openstreetmap.org/way/188763410,Loyola High School,54/3 Diamond Harbour Road,,,,,,https://www.openstreetmap.org/way/188763410,,,"22.530267, 88.3263553",,
M G Rungta Academy,53/1/3 Hazra Road,,,,private,,,,,,22.5270866,88.3658586,https://www.openstreetmap.org/node/11422441931,M G Rungta Academy,53/1/3 Hazra Road,,operator_type=private,,,,https://www.openstreetmap.org/node/11422441931,,,"22.5270866, 88.3658586",,
Md Jan Higher Secondary School,"9B Bolai Dutta Street, 700073",,http://mdjanschool.org.in/,,,,,,,,22.5767656,88.3572206,https://www.openstreetmap.org/node/11736253669,Md Jan Higher Secondary School,"9B Bolai Dutta Street, 700073",,,website: http://mdjanschool.org.in/,,,https://www.openstreetmap.org/node/11736253669,,,"22.5767656, 88.3572206",,
Mitra Institution Bhowanipore Branch,,,,,,,,,,,22.5291927,88.3436509,https://www.openstreetmap.org/way/224409627,Mitra Institution Bhowanipore Branch,,,,,,,https://www.openstreetmap.org/way/224409627,,,"22.5291927, 88.3436509",,
Modern High School For Girls,,,,,private,,,,,,22.5351303,88.3642483,https://www.openstreetmap.org/way/117170569,Modern High School For Girls,,,operator_type=private,,,,https://www.openstreetmap.org/way/117170569,,,"22.5351303, 88.3642483",,
Montclair School,,,,,,,,,,,22.4925435,88.3461187,https://www.openstreetmap.org/way/120345361,Montclair School,,,,,,,https://www.openstreetmap.org/way/120345361,,,"22.4925435, 88.3461187",,
MP Birla Foundation Higher Secondary School,"James Long Sarani, 700034",,,,,,,,,,22.4931257,88.3196376,https://www.openstreetmap.org/way/197230777,MP Birla Foundation Higher Secondary School,"James Long Sarani, 700034",,,,,,https://www.openstreetmap.org/way/197230777,,,"22.4931257, 88.3196376",,
National Gems Higher Secondary School,"P15 Mitra Colony, Behala James Long Sarani, 700034",,,,,,,,,,22.4915223,88.3180474,https://www.openstreetmap.org/way/226831697,National Gems Higher Secondary School,"P15 Mitra Colony, Behala James Long Sarani, 700034",,,,,,https://www.openstreetmap.org/way/226831697,,,"22.4915223, 88.3180474",,
National Gems Higher Secoundry School,D.r A.k paul raod,,,,,,,,,,22.492189,88.3146978,https://www.openstreetmap.org/node/1894645910,National Gems Higher Secoundry School,D.r A.k paul raod,,,,,,https://www.openstreetmap.org/node/1894645910,,,"22.492189, 88.3146978",,
Nava Nalanda High School,,,,,,,,,,,22.5165758,88.3647526,https://www.openstreetmap.org/node/9911367818,Nava Nalanda High School,,,,,,,https://www.openstreetmap.org/node/9911367818,,,"22.5165758, 88.3647526",,
Nikita Don Bosco School,,,,,,,,,,,22.5592751,88.3787638,https://www.openstreetmap.org/way/112869542,Nikita Don Bosco School,,,,,,,https://www.openstreetmap.org/way/112869542,,,"22.5592751, 88.3787638",,
NK Pal Adarsha Shikshyatan School,,,,,,,,,,,22.5009398,88.3742849,https://www.openstreetmap.org/way/118840250,NK Pal Adarsha Shikshyatan School,,,,,,,https://www.openstreetmap.org/way/118840250,,,"22.5009398, 88.3742849",,
O.S. Calcutta,"Catharina Sophiastraat, Calcutta",,,,,,,,,,5.8452492,-55.6754308,https://www.openstreetmap.org/way/967907330,O.S. Calcutta,"Catharina Sophiastraat, Calcutta",,,,,,https://www.openstreetmap.org/way/967907330,,,"5.8452492, -55.6754308",,
O.S. Von Freyburg,,,,,,,,,,,5.8454925,-55.627444,https://www.openstreetmap.org/way/967905024,O.S. Von Freyburg,,,,,,,https://www.openstreetmap.org/way/967905024,,,"5.8454925, -55.627444",,
Patha Bhavan High School,,,,,,,,,,,22.5287655,88.3683953,https://www.openstreetmap.org/node/1686118749,Patha Bhavan High School,,,,,,,https://www.openstreetmap.org/node/1686118749,,,"22.5287655, 88.3683953",,
Patha Bhavan Higher Secondary School,82/7a Ballygunge Place,,,,private,,,,,,22.5251285,88.3690927,https://www.openstreetmap.org/node/1686118748,Patha Bhavan Higher Secondary School,82/7a Ballygunge Place,,operator_type=private,,,,https://www.openstreetmap.org/node/1686118748,,,"22.5251285, 88.3690927",,
Purba Barisha High School,"Kailash Ghosh Road, Kolkata, 700008",,,,,,,,,,22.4774268,88.3203914,https://www.openstreetmap.org/node/12308788601,Purba Barisha High School,"Kailash Ghosh Road, Kolkata, 700008",,,,,,https://www.openstreetmap.org/node/12308788601,,,"22.4774268, 88.3203914",,
Purwanchal Vidyamandir,"p-232 CIT Road, 700054",03335619830,https://purwanchalvidyamandir.org/,,,,,,,,22.5821847,88.3883287,https://www.openstreetmap.org/node/12336503001,Purwanchal Vidyamandir,"p-232 CIT Road, 700054",,,phone: 03335619830 | website: https://purwanchalvidyamandir.org/,,,https://www.openstreetmap.org/node/12336503001,,,"22.5821847, 88.3883287",,
PW Govt Exam Wallah Kolkata,"8th floor AJC Bose Road (Sealdah Flyover), 700014","+917044531884, +918420620749",https://pw.live/,,,,,,,,22.5660376,88.369557,https://www.openstreetmap.org/node/12080634069,PW Govt Exam Wallah Kolkata,"8th floor AJC Bose Road (Sealdah Flyover), 700014",,,"phone: +917044531884, +918420620749 | website: https://pw.live/",,,https://www.openstreetmap.org/node/12080634069,,,"22.5660376, 88.369557",,
RD Memorial School,,,,,,,,,,,22.5032499,88.3791735,https://www.openstreetmap.org/node/7265838416,RD Memorial School,,,,,,,https://www.openstreetmap.org/node/7265838416,,,"22.5032499, 88.3791735",,
Saint Anthony's High School,,,,,,,,,,,22.5599311,88.3552274,https://www.openstreetmap.org/way/362945052,Saint Anthony's High School,,,,,,,https://www.openstreetmap.org/way/362945052,,,"22.5599311, 88.3552274",,
Sakhawat Memorial Govt. Girls' High School,"17 Lord Sinha Road, Kolkata, 700071",,,Government of West Bengal,government,,1-12,female,none,,22.5446088,88.3494987,https://www.openstreetmap.org/way/1131229990,Sakhawat Memorial Govt. Girls' High School,"17 Lord Sinha Road, Kolkata, 700071",,operator=Government of West Bengal; operator_type=government; levels=1-12; gender=female; religion=none,,,,https://www.openstreetmap.org/way/1131229990,,,"22.5446088, 88.3494987",,
Sanghamitra Vidyalaya,,,,,,,,,,,22.5427177,88.3100379,https://www.openstreetmap.org/way/142482528,Sanghamitra Vidyalaya,,,,,,,https://www.openstreetmap.org/way/142482528,,,"22.5427177, 88.3100379",,
Sarada Prasad Institution (For Boys),"108, 18, Bidhannagar Rd, Block-9, Murari Pukur, Ultadanga, Kolkata, West Bengal 700067",03323561172,,,,,,,,,22.5932305,88.3873714,https://www.openstreetmap.org/node/8859174031,Sarada Prasad Institution (For Boys),"108, 18, Bidhannagar Rd, Block-9, Murari Pukur, Ultadanga, Kolkata, West Bengal 700067",,,phone: 03323561172,,,https://www.openstreetmap.org/node/8859174031,,,"22.5932305, 88.3873714",,
SB girls High School,,,,,government,,,,,,22.4647949,88.3778875,https://www.openstreetmap.org/node/11300245908,SB girls High School,,,operator_type=government,,,,https://www.openstreetmap.org/node/11300245908,,,"22.4647949, 88.3778875",,
School for the Handicapped,,,,,,,,,,,22.546663,88.3107456,https://www.openstreetmap.org/way/123852896,School for the Handicapped,,,,,,,https://www.openstreetmap.org/way/123852896,,,"22.546663, 88.3107456",,
Shaw Public Girls High School,Fakir para road,,,,,,,,,,22.492422,88.313523,https://www.openstreetmap.org/node/1894651523,Shaw Public Girls High School,Fakir para road,,,,,,https://www.openstreetmap.org/node/1894651523,,,"22.492422, 88.313523",,
Shishu Siksha Niketan,"1/68 Jheel Road, Kolkata, 700075",,,,,,,,none,,22.4997741,88.3747787,https://www.openstreetmap.org/node/7265758614,Shishu Siksha Niketan,"1/68 Jheel Road, Kolkata, 700075",,religion=none,,,,https://www.openstreetmap.org/node/7265758614,,,"22.4997741, 88.3747787",,
Shree Vishudhanand Saraswati Vidyalay school,"36 Chittaranjan Avenue, 700007",03322411539,,,,,,,,,22.5800786,88.3616203,https://www.openstreetmap.org/node/12164967801,Shree Vishudhanand Saraswati Vidyalay school,"36 Chittaranjan Avenue, 700007",,,phone: 03322411539,,,https://www.openstreetmap.org/node/12164967801,,,"22.5800786, 88.3616203",,
Shyambazar AV English School,,,,,government,,1-7,,hindu,,22.5987019,88.3663231,https://www.openstreetmap.org/way/359338049,Shyambazar AV English School,,,operator_type=government; levels=1-7; religion=hindu,,,,https://www.openstreetmap.org/way/359338049,,,"22.5987019, 88.3663231",,
Silver Point School,Banku Bihari Chatterjee Road,,,,,,,,,,22.5144727,88.3802091,https://www.openstreetmap.org/node/10247535209,Silver Point School,Banku Bihari Chatterjee Road,,,,,,https://www.openstreetmap.org/node/10247535209,,,"22.5144727, 88.3802091",,
South City International School,"375 Prince Anwar Shah Road, 700068",,https://www.scis.co.in/,,,,,,,,22.5002815,88.3623891,https://www.openstreetmap.org/node/5996138986,South City International School,"375 Prince Anwar Shah Road, 700068",,,website: https://www.scis.co.in/,,,https://www.openstreetmap.org/node/5996138986,,,"22.5002815, 88.3623891",,
South Point High School,"82/7a Ballygunge Place, 700019",,,,private,,1-7,,,,22.5258704,88.3700934,https://www.openstreetmap.org/way/191145360,South Point High School,"82/7a Ballygunge Place, 700019",,operator_type=private; levels=1-7,,,,https://www.openstreetmap.org/way/191145360,,,"22.5258704, 88.3700934",,
South Subarban School,,,,,,,,,,,22.5308918,88.3444309,https://www.openstreetmap.org/way/224410798,South Subarban School,,,,,,,https://www.openstreetmap.org/way/224410798,,,"22.5308918, 88.3444309",,
SOUTHEND SCHOOL,,,,,,,,,,,22.4817158,88.345584,https://www.openstreetmap.org/node/9910279968,SOUTHEND SCHOOL,,,,,,,https://www.openstreetmap.org/node/9910279968,,,"22.4817158, 88.345584",,
St Johns Diocesan Girls Higher Secondary,,,,,,,,,,,22.5368906,88.353789,https://www.openstreetmap.org/way/122191974,St Johns Diocesan Girls Higher Secondary,,,,,,,https://www.openstreetmap.org/way/122191974,,,"22.5368906, 88.353789",,
St Paul's Boarding and Day School,"68 Diamond Harbour Road, 700023",,,,,,,,,,22.5346103,88.3262494,https://www.openstreetmap.org/way/142681896,St Paul's Boarding and Day School,"68 Diamond Harbour Road, 700023",,,,,,https://www.openstreetmap.org/way/142681896,,,"22.5346103, 88.3262494",,
St Paul's High School,,,,,,,,,,,22.5398644,88.3279709,https://www.openstreetmap.org/way/123491615,St Paul's High School,,,,,,,https://www.openstreetmap.org/way/123491615,,,"22.5398644, 88.3279709",,
St Teresa's Secondary School,"72 Diamond Harbour Road, 700023",,https://www.stssalumni.co.in/about.html,,,,,,,,22.5373873,88.3269001,https://www.openstreetmap.org/way/142487309,St Teresa's Secondary School,"72 Diamond Harbour Road, 700023",,,website: https://www.stssalumni.co.in/about.html,,,https://www.openstreetmap.org/way/142487309,,,"22.5373873, 88.3269001",,
St Thomas Girls School,,,,,,,,,,,22.5397773,88.3293204,https://www.openstreetmap.org/way/123491611,St Thomas Girls School,,,,,,,https://www.openstreetmap.org/way/123491611,,,"22.5397773, 88.3293204",,
St. James' School,"165 A. J. C. Bose Road, 700014",,,,,,,,,,22.5547319,88.3653464,https://www.openstreetmap.org/way/112075902,St. James' School,"165 A. J. C. Bose Road, 700014",,,,,,https://www.openstreetmap.org/way/112075902,,,"22.5547319, 88.3653464",,
St. Lawrence High School,,,,,,,,,,,22.5280188,88.3563503,https://www.openstreetmap.org/way/121906351,St. Lawrence High School,,,,,,,https://www.openstreetmap.org/way/121906351,,,"22.5280188, 88.3563503",,
St.Augustine's Day School,,,,,,,,,,,22.5525146,88.3621813,https://www.openstreetmap.org/node/5169245623,St.Augustine's Day School,,,,,,,https://www.openstreetmap.org/node/5169245623,,,"22.5525146, 88.3621813",,
Surendra Chakravorty Institution,"56 C Garcha Road, 700019",,,,private,,,,,,22.5253585,88.3627075,https://www.openstreetmap.org/way/175478107,Surendra Chakravorty Institution,"56 C Garcha Road, 700019",,operator_type=private,,,,https://www.openstreetmap.org/way/175478107,,,"22.5253585, 88.3627075",,
Swami pranabananda school,,,,,,,,,,,22.4856531,88.3421025,https://www.openstreetmap.org/node/5162685021,Swami pranabananda school,,,,,,,https://www.openstreetmap.org/node/5162685021,,,"22.4856531, 88.3421025",,
"The Assembly of God Church School (Senior Section), Park Street","125,1 Park Street, 700017",003322294484,https://www.agcschools.edu.in/,,,,,,,,22.5477035,88.3608192,https://www.openstreetmap.org/node/9658705417,"The Assembly of God Church School (Senior Section), Park Street","125,1 Park Street, 700017",,,phone: 003322294484 | website: https://www.agcschools.edu.in/,,,https://www.openstreetmap.org/node/9658705417,,,"22.5477035, 88.3608192",,
The Calcutta Emmanuel School,"56A Prince Golam Hossain Shah Road, Kolkata, 700032",,,,,,,,,,22.4972846,88.3645527,https://www.openstreetmap.org/way/450305914,The Calcutta Emmanuel School,"56A Prince Golam Hossain Shah Road, Kolkata, 700032",,,,,,https://www.openstreetmap.org/way/450305914,,,"22.4972846, 88.3645527",,
The New Horizon High School,,,,,,,,,,,22.525445,88.3476941,https://www.openstreetmap.org/node/2471894139,The New Horizon High School,,,,,,,https://www.openstreetmap.org/node/2471894139,,,"22.525445, 88.3476941",,
Tirthapati Institution,"Rash Behari Avenue, Kolkata, 700029",,,,,,,,,,22.517288,88.353668,https://www.openstreetmap.org/way/359770419,Tirthapati Institution,"Rash Behari Avenue, Kolkata, 700029",,,,,,https://www.openstreetmap.org/way/359770419,,,"22.517288, 88.353668",,
Ultadanga Government Sponsored Higher Secondary School for Girls,,,,,,,,,,,22.5904539,88.394423,https://www.openstreetmap.org/way/189924685,Ultadanga Government Sponsored Higher Secondary School for Girls,,,,,,,https://www.openstreetmap.org/way/189924685,,,"22.5904539, 88.394423",,
United Missionary Girls High School,"3 Ashutosh Mukhejee Road, 700020",03324752135,,,,,,,,,22.5368296,88.3472369,https://www.openstreetmap.org/way/122191980,United Missionary Girls High School,"3 Ashutosh Mukhejee Road, 700020",,,phone: 03324752135,,,https://www.openstreetmap.org/way/122191980,,,"22.5368296, 88.3472369",,
